En alakalı sayfalar,Tıklamalar,Gösterimler,TO,Pozisyon
https://parlakbeton.com/,145,9977,1.45%,9
https://parlakbeton.com/istanbulda-fabrika-zemini-uygulamasi/,23,824,2.79%,10.68
https://parlakbeton.com/epoksi-zemin-temizligi-ve-bakim-cozumleri/,16,800,2%,24.78
https://parlakbeton.com/hakkimizda/,10,1224,0.82%,8.91
https://parlakbeton.com/ankarada-beton-parlatma-hizmetleri-sanayi-tesisleri-icin-kusursuz-cozumler/,10,259,3.86%,15.55
https://parlakbeton.com/mobil-robotlar-icin-ozellestirilmis-zemin/,9,249,3.61%,9.12
https://parlakbeton.com/endustriyel-fabrika-zeminlerinin-uretim-kalitesine-etkisi-stratejik-bir-bakis/,6,388,1.55%,14.64
https://parlakbeton.com/category/kaymaz-zemin/,6,177,3.39%,10.36
https://parlakbeton.com/iletisim-bilgileri/,5,220,2.27%,8.29
https://parlakbeton.com/beton-parlatma-sivi-yalitimi/,5,208,2.4%,6.74
https://parlakbeton.com/parlak-beton/,4,981,0.41%,5.56
https://parlakbeton.com/epoksi-zemin-bakimi/,4,141,2.84%,15.96
https://parlakbeton.com/beton-parlatma-uygulamasi-fiyatlar/,3,469,0.64%,10.82
https://parlakbeton.com/beton-parlatma-fiyati-nedir/,3,407,0.74%,37.21
https://parlakbeton.com/beton-parlatma-referanslari/,3,190,1.58%,38.45
https://parlakbeton.com/tag/endustriyel-zemin-kaplama/,3,44,6.82%,64.5
https://parlakbeton.com/beton-parlatma-makinesi-nasil-calisir/,2,1255,0.16%,34.57
https://parlakbeton.com/beton-parlatma-makinesi-nedir/,2,871,0.23%,46.03
https://parlakbeton.com/fabrikalarda-kaymaz-zeminlerin-onemi-ve-parlak-beton-uygulamasi/,2,172,1.16%,9.53
https://parlakbeton.com/talasli-imalat-beton-parlatma/,2,106,1.89%,6.86
https://parlakbeton.com/docs/Parlak Beton Zemin Teknolojileri - Brosur.pdf,2,62,3.23%,9.42
https://parlakbeton.com/beton-nedir-modern-insaatin-temeli/,1,1410,0.07%,49.09
https://parlakbeton.com/guc-transformatoru-uretim-tesisleri-icin-dayanikli-zemin-cozumleri/,1,161,0.62%,60.21
https://parlakbeton.com/hakkimizda/beton-parlatma-fotograf-galerisi/,1,109,0.92%,14.26
https://parlakbeton.com/beton-parlatma-makinesi/,1,73,1.37%,19.22
https://parlakbeton.com/tag/akilli-fabrika/,1,63,1.59%,60.63
https://parlakbeton.com/dt_testimonials/debag-bagalit/,1,57,1.75%,10.12
https://parlakbeton.com/parlak-beton-fabrikalar-icin-ekonomik-avantajlarin-anahtari/,1,43,2.33%,11.91
https://parlakbeton.com/category/beton-parlatma-istanbul/,1,28,3.57%,10.54
https://parlakbeton.com/tag/ekonomik-zemin-cozumleri/,1,18,5.56%,34.33
https://parlakbeton.com/tag/beton-parlatma-dayanikli-zemin-kaplama/,1,4,25%,10.25
https://parlakbeton.com/tag/lityum-silikat/,0,212,0%,46.04
https://parlakbeton.com/mobil-robotlarin-performansini-artiran-zemin-cozumleri/,0,152,0%,62.04
https://parlakbeton.com/mobil-robot-kullanan-fabrikalar-icin-zemin-seciminin-onemi-zemin-performansi-ve-uretim-verimliligi/,0,149,0%,25.43
https://parlakbeton.com/tag/cevre-dostu/,0,147,0%,65.23
https://parlakbeton.com/beton-parlatma-endustriyel-zeminlerin-yeniden-dogusu/,0,102,0%,36.13
https://parlakbeton.com/beton-parlatma-uygulamasinin-cesitli-kullanim-alanlari/,0,99,0%,6.76
https://parlakbeton.com/dt_gallery/fotograf-galerimiz/,0,80,0%,11.55
https://parlakbeton.com/tag/parlak-beton/,0,77,0%,8.95
https://parlakbeton.com/tag/beton-parlatma-makinesi/,0,69,0%,48.72
https://parlakbeton.com/tag/beton-parlatma-lityum-silikat/,0,64,0%,45.59
https://parlakbeton.com/tag/zemin-cozumleri/,0,56,0%,5.86
https://parlakbeton.com/endustriyel-tasiyicilar-ve-parlak-beton-zemin-cozumleri/,0,49,0%,9.65
https://parlakbeton.com/dt_gallery_category/beton-parlatma-fotograf-galerisi-arsivleri/,0,44,0%,9.57
https://parlakbeton.com/beton-parlatma-haberleri-ve-blog/,0,41,0%,46.54
https://parlakbeton.com/gizlilik-politikasi/,0,40,0%,13.32
https://parlakbeton.com/tag/endustri40/,0,36,0%,7.97
https://parlakbeton.com/tag/ankara/,0,32,0%,34.44
https://parlakbeton.com/category/beton-zemin/,0,30,0%,8.17
https://parlakbeton.com/tag/beton-parlatma-sivi-yalitimi/,0,29,0%,6.03
https://parlakbeton.com/ankara-beton-parlatma/,0,29,0%,13.21
https://parlakbeton.com/tag/beton-parlatma-beton-silim/,0,29,0%,52.59
https://parlakbeton.com/tag/epoksi-alternatifi/,0,28,0%,13.29
https://parlakbeton.com/category/istanbul/,0,25,0%,7.56
https://parlakbeton.com/iletisim/,0,25,0%,9.88
https://parlakbeton.com/elektrik-ve-enerji-sektoru-icin-ozel-zemin-cozumleri/,0,25,0%,29
https://parlakbeton.com/tag/beton-parlatma-epoksi-alternatifi/,0,23,0%,6.26
https://parlakbeton.com/tag/transformator-uretimi/,0,23,0%,47.22
https://parlakbeton.com/tag/betonparlatma/,0,22,0%,8.77
https://parlakbeton.com/dt_testimonials/akgun-elektrik/,0,21,0%,11.9
https://parlakbeton.com/tag/beton-zemin/,0,21,0%,16.48
"https://parlakbeton.com/docs/Parlak Beton Zemin Teknolojileri - Mobil Robot 
Kullanan Fabrikalar - Brosur.pdf",0,21,0%,22.38
https://parlakbeton.com/beton-parlatma-blog/,0,20,0%,23.4
https://parlakbeton.com/category/ankara-beton-parlatma/,0,19,0%,11.05
https://parlakbeton.com/tag/dayaniklizemin/,0,16,0%,8.5
https://parlakbeton.com/tag/beton-silim/,0,16,0%,46.56
https://parlakbeton.com/tag/fabrika-zemin-kaplama/,0,16,0%,70.25
https://parlakbeton.com/tag/zemin-kaplamasi/,0,15,0%,8.73
https://parlakbeton.com/category/ankara/,0,14,0%,6.86
https://parlakbeton.com/category/fabrikalar/,0,14,0%,11.5
https://parlakbeton.com/tag/modernzemin/,0,13,0%,7.38
https://parlakbeton.com/tag/fabrika-altyapisi/,0,13,0%,13.38
https://parlakbeton.com/hakkimizda/galeri/,0,12,0%,3.92
https://parlakbeton.com/tag/beton-parlatma-mobil-robot/,0,12,0%,6.08
https://parlakbeton.com/tag/kesintisiz-uretim/,0,12,0%,17.42
https://parlakbeton.com/category-sitemap.html,0,11,0%,2
https://parlakbeton.com/category/beton/,0,11,0%,8.82
https://parlakbeton.com/tag/beton-parlatma-cevre-dostu/,0,11,0%,10.18
https://parlakbeton.com/tag/beton-parlatma-endustri-4-0/,0,10,0%,1.8
https://parlakbeton.com/tag/beton-parlatma-zemin-kaplamasi/,0,10,0%,9.4
https://parlakbeton.com/tag/ankara-sanayi/,0,10,0%,32.7
https://parlakbeton.com/tag/beton-parlatma-uretim/,0,9,0%,4.22
https://parlakbeton.com/category/mobil-robot-beton-parlatma/,0,9,0%,6.44
https://parlakbeton.com/tag/epoksialternatifi/,0,9,0%,9.44
https://parlakbeton.com/author/admin/page/2/,0,9,0%,14.33
https://parlakbeton.com/category/mobil-robot/,0,9,0%,15.44
https://parlakbeton.com/tag/zemin-yenileme/,0,9,0%,15.56
https://parlakbeton.com/tag/beton-parlatma-teknolojisi/,0,9,0%,31.33
https://parlakbeton.com/category/beton-parlatma-endustriyel-zemin/,0,9,0%,41.11
https://parlakbeton.com/tag/endustri4-0/,0,9,0%,94
https://parlakbeton.com/mobil-robot-zemin-secimi/,0,7,0%,6.43
https://parlakbeton.com/tag/beton-parlatma-sanayi-zemini/,0,7,0%,9.43
https://parlakbeton.com/category/beton-parlatma-teknik-makaleler/,0,7,0%,16.57
https://parlakbeton.com/tag/beton-parlatma-robot-performansi/,0,7,0%,17.43
https://parlakbeton.com/category/beton-parlatma-elektrik-sektoru/,0,7,0%,18.57
https://parlakbeton.com/tag/beton-parlatma-fiyati/,0,7,0%,26.57
https://parlakbeton.com/tag/surdurulebilir-zemin-kaplama/,0,7,0%,33
https://parlakbeton.com/tag/ankara-beton-parlatma/,0,6,0%,7.33
https://parlakbeton.com/tag/uzunomurluzemin/,0,6,0%,10.33
https://parlakbeton.com/tag/dayanikli-zemin-kaplama/,0,6,0%,26.17
https://parlakbeton.com/tag/beton-parlatma-hizmeti/,0,6,0%,28
https://parlakbeton.com/tag/zemin-dayanikliligi/,0,6,0%,31.67
https://parlakbeton.com/sitemap.html,0,5,0%,2.6
https://parlakbeton.com/tag/parlakbeton/,0,5,0%,6.8
https://parlakbeton.com/tag/guc-transformatorleri/,0,5,0%,16.4
https://parlakbeton.com/tag/beton-parlatma-fabrika-zemin-kaplama/,0,5,0%,26.2
https://parlakbeton.com/tag/beton-parlatma-cevre-dostu-endustriyel-zemin/,0,4,0%,9.5
https://parlakbeton.com/tag/zeminuygulamalari/,0,4,0%,11.75
https://parlakbeton.com/tag/geleceginfabrikalari/,0,4,0%,12
https://parlakbeton.com/tag/endustriyelzemin/,0,4,0%,12.5
https://parlakbeton.com/tag/dayanikli-zemin/,0,4,0%,19.25
https://parlakbeton.com/tag/estetik-zemin/,0,4,0%,21.5
https://parlakbeton.com/tag/cevre-dostu-endustriyel-zemin/,0,4,0%,36.25
https://parlakbeton.com/tag/beton-parlatma-maliyeti/,0,4,0%,39.25
https://parlakbeton.com/tag/modern-zemin-cozumleri/,0,4,0%,53
https://parlakbeton.com/tag/beton-parlatma-organize-sanayi-bolgesi/,0,3,0%,9
https://parlakbeton.com/tag/beton-parlatma-endustriyel-zemin/,0,3,0%,10
https://parlakbeton.com/tag/sanayizemini/,0,3,0%,11.67
https://parlakbeton.com/tag/organizesanayibolgesi/,0,3,0%,14
https://parlakbeton.com/tag/mobilrobotfabrikalari/,0,3,0%,14.67
https://parlakbeton.com/tag/beton-parlatma-su-lekesi/,0,3,0%,26
https://parlakbeton.com/beton-parlatma-fiyatlari/,0,3,0%,26.67
https://parlakbeton.com/tag/parlak-beton-avantajlari/,0,3,0%,44
https://parlakbeton.com/tag/beton-parlatma-zemin-uygulamalari/,0,2,0%,2.5
https://parlakbeton.com/archives-sitemap.html,0,2,0%,4.5
https://parlakbeton.com/post_tag-sitemap.html,0,2,0%,4.5
https://parlakbeton.com/dt_gallery/,0,2,0%,6.5
https://parlakbeton.com/tag/beton-parlatma-gelecegin-fabrikalari/,0,2,0%,7
https://parlakbeton.com/tag/beton-parlatma-yag-lekesi/,0,2,0%,7
https://parlakbeton.com/category/beton-parlatma/,0,2,0%,8
https://parlakbeton.com/tag/beton-parlatma-zemin-yenileme/,0,2,0%,8
https://parlakbeton.com/tag/beton-parlatma-modern-zemin-cozumleri/,0,2,0%,9
https://parlakbeton.com/tag/fabrikaverimliligi/,0,2,0%,9
https://parlakbeton.com/category/enerji-sektoru/,0,2,0%,10
https://parlakbeton.com/tag/sanayitesisleri/,0,2,0%,19.5
https://parlakbeton.com/dt_testimonials/diana-richards/,0,2,0%,20.5
https://parlakbeton.com/tag/beton-parlatma-ekonomik-zemin-cozumleri/,0,2,0%,24.5
https://parlakbeton.com/tag/guc-trafosu/,0,2,0%,47
https://parlakbeton.com/tag/beton-parlatma-uretim-verimliligi/,0,1,0%,2
https://parlakbeton.com/tag/uretim/,0,1,0%,4
https://parlakbeton.com/tag/beton-parlatma-fabrika-zemini/,0,1,0%,5
https://parlakbeton.com/category/guc-trafosu/,0,1,0%,7
https://parlakbeton.com/tag/beton-parlatma-avantajlari/,0,1,0%,7
https://parlakbeton.com/tag/beton-parlatma-endustriyel-zemin-kaplama/,0,1,0%,9
https://parlakbeton.com/tag/beton-parlatma-enerji-tasarrufu/,0,1,0%,9
https://parlakbeton.com/tag/beton-parlatma-surdurulebilir-zemin-kaplama/,0,1,0%,10
https://parlakbeton.com/tag/beton-parlatma-beton-zemin/,0,1,0%,11
https://parlakbeton.com/tag/beton-parlatma-otonom-sistemler/,0,1,0%,11
https://parlakbeton.com/tag/otonomsistemler/,0,1,0%,16
https://parlakbeton.com/tag/zeminsecimi/,0,1,0%,17
https://parlakbeton.com/tag/zemincozumleri/,0,1,0%,20
https://parlakbeton.com/tag/parlakbetonavantajlari/,0,1,0%,22
https://parlakbeton.com/tag/dayaniklivetozumaz/,0,1,0%,23
https://parlakbeton.com/tag/beton-parlatma-uzun-omurlu-zemin/,0,1,0%,25
https://parlakbeton.com/tag/beton-parlatma-dayanikli-zemin/,0,1,0%,26
https://parlakbeton.com/category/beton-parlatma-enerji-sektoru/,0,1,0%,29
https://parlakbeton.com/dt_gallery/page/3/,0,1,0%,31
https://parlakbeton.com/tag/enerji-tasarrufu/,0,1,0%,35
https://parlakbeton.com/category/fabrikalar/page/2/,0,1,0%,56
https://parlakbeton.com/beton-parlatma-haberleri-ve-blog/page/2/,0,1,0%,87
https://parlakbeton.com/tag/beton-parlatma-transformator-uretim/,0,1,0%,92