En çok yapılan sorgular,Tıklamalar,Gösterimler,TO,Pozisyon
parlak beton,34,1227,2.77%,1.11
beton parlatma,23,2834,0.81%,11.82
parlak beton zemin,15,389,3.86%,2.74
beton parlatma makinesi,3,326,0.92%,8.5
parlak zemin,2,145,1.38%,7.12
denizli beton parlatma,2,16,12.5%,2.44
fabrika zemin kaplama çeşitleri,2,9,22.22%,2
beton cilalama,2,5,40%,49.8
beton parlatma nedir,1,373,0.27%,15.91
beton parlatma fiyatları,1,114,0.88%,32.4
zemin parlatma,1,62,1.61%,6.68
fabrika zemin kaplama,1,18,5.56%,57.5
epoksi zemin temizliği nasıl yapılır,1,13,7.69%,10.77
fabrika zemin betonu,1,13,7.69%,11.08
denizli temizlik şirketi,1,2,50%,17
sanayi zemin kaplama,1,1,100%,3
endri parlak,1,1,100%,4
beton,0,871,0%,57.11
beton zemin parlatma,0,496,0%,13.27
endüstriyel zemin temizliği,0,237,0%,21.84
beton nedir,0,170,0%,54.06
fabrika zemin parlatma,0,143,0%,7.52
beton zemin temizliği,0,138,0%,47.65
çevre dostu makineler,0,138,0%,68.53
beton parlatma makinası,0,134,0%,36.66
beton zemin,0,116,0%,6.41
beton parlatma makinası fiyatları,0,116,0%,45.66
güç trafosu kazanı,0,116,0%,74.42
zemin çözümü,0,111,0%,91.56
beton parlatma makinesi fiyatları,0,107,0%,38.11
lityum silikat,0,103,0%,57.25
zemin parlatma makineleri kitchen,0,102,0%,43.13
lityum silikat nedir,0,86,0%,38.76
parlak granit zemin temizliği,0,82,0%,49.89
beton yüzey parlatma,0,79,0%,17.35
trafiğe özel çözümler üretiyoruz,0,76,0%,77.62
fabrika zemini,0,75,0%,6.71
debak resimleri,0,52,0%,9.94
lityum silikat beton,0,46,0%,52.09
epoksi zemin temizlik,0,40,0%,14.22
parlak,0,38,0%,3.34
parlaklar zemin,0,37,0%,5.81
beton ne demek,0,37,0%,61.46
istanbul beton firmaları,0,35,0%,45.89
akıllı fabrikalar nedir,0,34,0%,96.94
pürüzsüz beton,0,32,0%,7.44
denizli beton,0,30,0%,2.5
endüstriyel zemin betonu,0,29,0%,91.52
zemin beton,0,28,0%,38.82
epoksi zemin temizliği,0,27,0%,23.37
tırabzan nedir,0,23,0%,9.13
sakarya beton parlatma,0,21,0%,40.29
parlak nedir,0,20,0%,6
endüstriyel zemin kaplama,0,20,0%,90.95
concrete,0,19,0%,3.74
mobil robot,0,19,0%,62.26
zemine dökülen sıvı,0,17,0%,4.76
beyon,0,17,0%,25.94
beton parlatma nasıl yapılır,0,16,0%,19.19
transformatör üreten firmalar,0,15,0%,59.33
betonun özellikleri,0,15,0%,76.73
as beton,0,14,0%,2.36
parlatılmış beton,0,13,0%,4.38
zemin temizliği,0,13,0%,86
fabrika zemin silim,0,12,0%,90.33
zemin,0,11,0%,1.27
zemin beton uygulamaları,0,11,0%,7.36
beton zımparalama,0,11,0%,83
parlak beton nasıl yapılır,0,10,0%,4.8
parlak zemin kaplama,0,10,0%,11.9
parlatma,0,10,0%,12.5
beton firmaları,0,10,0%,27.6
beton modern,0,10,0%,55.2
zemin parlatma makinesi,0,9,0%,2.22
fabrika zemin,0,9,0%,9.56
beton firmaları istanbul,0,9,0%,33.89
neton,0,9,0%,54.56
endüstri4.0,0,9,0%,94
endüstriyel beton,0,8,0%,20
beton yer,0,8,0%,29.88
beton silim parlatma,0,8,0%,72.25
fabrikalar,0,8,0%,82.62
beton silim ve parlatma,0,8,0%,93.88
mat beton,0,7,0%,2
resurfacing,0,7,0%,7.29
özel beton üretimi için profesyonel çözümler,0,7,0%,50.14
kaymaz zemin,0,7,0%,63.71
parlak epoksi,0,6,0%,1.33
beton parlatıcı,0,6,0%,6.5
sıvı beton,0,6,0%,25.5
parlak fotoğraflar,0,6,0%,64.67
zımparalama robotu,0,6,0%,86
fabrika zemin boyası,0,5,0%,3
sakarya beton,0,5,0%,17.4
zemin istanbul,0,5,0%,50
elek zımparalama,0,5,0%,55
beton özellikleri,0,5,0%,74.8
cilalı beton zemin,0,5,0%,81.8
lityum silikat formülü,0,5,0%,84.4
balat teknoloji,0,4,0%,1
beyoğlu zemin,0,4,0%,6.5
beton tanımı,0,4,0%,10.75
zemin betonu,0,4,0%,25.75
akıllı beton,0,4,0%,37
endüstriyel zemin,0,4,0%,42.5
ankara beton silme,0,4,0%,70.5
beton silim,0,3,0%,1
hidratasyon nedir inşaat,0,3,0%,1
perdahlı beton,0,3,0%,1
beron,0,3,0%,2.33
parlak elektrik resimleri,0,3,0%,2.33
beton ali,0,3,0%,3.33
beton silimi,0,3,0%,3.33
garanti iplik san. ve tic. a.ş. resimleri,0,3,0%,4
beton temizleme,0,3,0%,7.67
hazır zemin betonu,0,3,0%,8.33
istanbul zemin,0,3,0%,11.33
parlak temizlik,0,3,0%,52.67
beton fabrika,0,3,0%,65.33
beton a,0,2,0%,1
betonun özkütlesi,0,2,0%,1
beton firması,0,2,0%,1.5
ş***********,0,2,0%,2
zemin yenileme,0,2,0%,6.5
renkli beton zemin,0,2,0%,8
robot beton,0,2,0%,8
mermer parlatma,0,2,0%,8.5
parlak elektrik,0,2,0%,9.5
concrete resurfacing,0,2,0%,18.5
istanbul'un en iyi inşaat firmaları,0,2,0%,21
epoksi temizleme,0,2,0%,34.5
guc transformatoru,0,2,0%,45
silim,0,2,0%,61
zeminim nasıl,0,2,0%,63
eton nedir,0,2,0%,72
zemin betonu fiyatları,0,2,0%,74.5
istanbul zemini,0,2,0%,86.5
fabrika robotları,0,2,0%,93
akıllı beton nedir,0,1,0%,1
bagalit nedir,0,1,0%,1
beton as,0,1,0%,1
beton cilası nedir,0,1,0%,1
beton nasıl temizlenir,0,1,0%,1
beton site,0,1,0%,1
concrete companies,0,1,0%,1
concrete contractors near me,0,1,0%,1
concreters near me,0,1,0%,1
denizli epoksi,0,1,0%,1
flooring contractors near me,0,1,0%,1
parlak mobilya çizikleri nasıl giderilir,0,1,0%,1
parlk,0,1,0%,1
betob,0,1,0%,2
beton ürünleri,0,1,0%,2
betın,0,1,0%,2
concrete company near me,0,1,0%,2
debak denizli bagalit kalıp fotoğraflar,0,1,0%,2
depo zemini nasıl olmalı,0,1,0%,2
endüstriyel mutfak zemini nasıl olmalı,0,1,0%,2
fabrika epoksi zemin kaplama,0,1,0%,2
mir 500 fotoğraflar,0,1,0%,2
yağlı beton nedir,0,1,0%,2
şan beton,0,1,0%,2
contrete,0,1,0%,3
parkak,0,1,0%,3
pürüzsüz beton nasıl yapılır,0,1,0%,3
beton mahmut,0,1,0%,4
beton uygulamaları,0,1,0%,4
cafe zemin döşeme,0,1,0%,4
concrade,0,1,0%,4
silim beton,0,1,0%,4
beton cilası fiyatı,0,1,0%,5
kaygan zemin çözümleri,0,1,0%,5
mobilbil endüstri teknolojileri ltd. şti. fotoğraflar,0,1,0%,5
beton cilasi,0,1,0%,6
betonlama,0,1,0%,6
cocrete,0,1,0%,6
hazır beton,0,1,0%,6
mobilbil endüstri teknolojileri ltd. şti.,0,1,0%,6
perlobeton s,0,1,0%,6
construction concrete,0,1,0%,7
controctor,0,1,0%,7
epoksi zemin parlatma,0,1,0%,7
yer betonu,0,1,0%,7
debak denizli,0,1,0%,9
epoksi beton zemin parlatma,0,1,0%,9
beton ne,0,1,0%,10
epoksi beton,0,1,0%,10
mermer temizleme,0,1,0%,10
cement repair,0,1,0%,11
hareketli zemin,0,1,0%,11
ankara beton fiyatları,0,1,0%,12
bagalit,0,1,0%,12
bahçe barbekü ölçüleri,0,1,0%,12
beton yüzey,0,1,0%,12
beton zemin düzeltme makinesi,0,1,0%,12
betonun,0,1,0%,12
eyüpsultan zemin,0,1,0%,12
tuğla barbekü modelleri,0,1,0%,12
çelik robotlar,0,1,0%,12
zemin uygulamaları,0,1,0%,13
beton.ua,0,1,0%,14
istanbul beton santralleri,0,1,0%,15
göz parlatma,0,1,0%,27
essa elektrik muş,0,1,0%,29
beton yer döşemesi,0,1,0%,33
beton etkisi nedir,0,1,0%,34
sakarya beton firmaları,0,1,0%,41
istanbul'da fabrikalar,0,1,0%,43
epoksi zemin temizlik kimysasalları,0,1,0%,44
topuk betonu nedir,0,1,0%,54
beton silim makinası fiyatları,0,1,0%,57
beton bileşenleri,0,1,0%,59
beton kaplama,0,1,0%,61
ankara beton silim,0,1,0%,70
fotograf¡as,0,1,0%,70
puruzlu ne demek,0,1,0%,71
kaygan zeminler için çözüm,0,1,0%,72
zemin parlatıcı,0,1,0%,72
büyük sanayi ankara,0,1,0%,79
güç transformatörü,0,1,0%,80
topuk beton nedir,0,1,0%,86
transformatör üretimi,0,1,0%,92
epoksi yapan firmalar,0,1,0%,94
fabrikalarda,0,1,0%,96