"URL","Görüntülemeler","Tıklamalar","Son taranan","Bulunma","HTTP kodu","Belge boyutu","Geri bağlantılar"
"https://parlakbeton.com/fabrikalarda-kaymaz-zeminlerin-onemi-ve-parlak-beton-uygulamasi","1","1","2025-12-22","2025-12-22","200","105354","0"
"https://parlakbeton.com","11","1","2026-02-11","2017-12-18","200","299056","8"
"https://parlakbeton.com/mobil-robotlarin-performansini-artiran-zemin-cozumleri","0","0","2026-02-07","2024-12-31","200","198054","0"
"https://parlakbeton.com/talasli-imalat-beton-parlatma","0","0","2026-01-18","2025-10-04","200","204252","0"
"https://parlakbeton.com/parlak-beton","4","0","2025-12-15","2025-03-25","200","125272","0"
"https://parlakbeton.com/beton-parlatma-referanslari","1","0","2026-01-27","2025-02-08","200","245424","0"
"https://parlakbeton.com/mobil-robotlar-icin-ozellestirilmis-zemin","0","0","2025-12-26","2025-01-01","200","111049","0"
"https://parlakbeton.com/elektrik-ve-enerji-sektoru-icin-ozel-zemin-cozumleri","0","0","2025-11-14","2025-03-01","200","107363","0"
"https://parlakbeton.com/istanbulda-fabrika-zemini-uygulamasi","0","0","2026-01-27","2025-02-09","200","196520","0"
"https://parlakbeton.com/iletisim","0","0","2026-02-01","2018-05-22","200","209231","0"
"https://parlakbeton.com/beton-parlatma-uygulamasi-fiyatlar","2","0","2026-02-03","2025-10-12","200","200489","0"
"https://parlakbeton.com/ankara-beton-parlatma","0","0","2026-02-10","2026-01-13","200","199790","0"
"https://parlakbeton.com/ankarada-beton-parlatma-hizmetleri-sanayi-tesisleri-icin-kusursuz-cozumler","0","0","2025-11-16","2025-01-05","200","110492","0"
"https://parlakbeton.com/project-management","0","0","2026-02-09","2025-09-20","301","0","0"
"https://parlakbeton.com/endustriyel-fabrika-zeminlerinin-uretim-kalitesine-etkisi-stratejik-bir-bakis","0","0","2026-02-07","2024-05-14","200","197440","0"
"https://parlakbeton.com/mobil-robot-zemin-secimi","0","0","2026-01-21","2026-01-21","200","201403","0"
"https://parlakbeton.com/gizlilik-politikasi","0","0","2026-01-27","2026-01-27","200","195964","0"
"https://parlakbeton.com/beton-parlatma-makinesi-nasil-calisir","1","0","2025-11-19","2025-03-23","200","107174","0"
"https://parlakbeton.com/endustriyel-tasiyicilar-ve-parlak-beton-zemin-cozumleri","0","0","2026-02-14","2025-09-14","200","194467","0"
"https://parlakbeton.com/beton-parlatma-sivi-yalitimi","0","0","2026-02-09","2025-10-17","200","203219","0"
"https://parlakbeton.com/beton-parlatma-makinesi-nedir","0","0","2025-11-18","2025-03-19","200","106758","0"
"https://parlakbeton.com/epoksi-zemin-bakimi","0","0","2026-01-23","2026-01-23","200","212594","0"
"https://parlakbeton.com/beton-parlatma-uygulamasinin-cesitli-kullanim-alanlari","0","0","2026-01-26","2024-05-16","200","195875","0"
"https://parlakbeton.com/guc-transformatoru-uretim-tesisleri-icin-dayanikli-zemin-cozumleri","0","0","2026-02-06","2025-01-20","200","199225","0"
"https://parlakbeton.com/beton-parlatma-blog","0","0","2026-01-21","2026-01-21","200","207683","0"
"https://parlakbeton.com/beton-nedir-modern-insaatin-temeli","15","0","2025-12-26","2024-05-01","200","105001","0"
"https://parlakbeton.com/beton-parlatma-makinesi","0","0","2026-01-19","2026-01-19","200","195857","0"
